,log_re_data_train,log_re_test,rf_train,rf_test,knn_data_train,knn_data_test,xgb_data_train,xgb_data_test
Recall,0.8923841059602649,0.8952009496354079,0.830794701986755,0.8212650500254367,0.8708609271523179,0.8687468204171612,0.8552980132450331,0.8536544005426489
Auc,0.8435109348968466,0.8479841415757199,0.869190847855899,0.876924659844179,0.8530003437815212,0.8620248215541548,0.865755110444536,0.8710584965168713
Accuracy,0.8564843913681123,0.8591032893358475,0.858998533417138,0.8638173056777708,0.8577414623926252,0.863607793840352,0.8629792583280955,0.866959983239053
F1_score,0.8872427983539094,0.8870032764849197,0.8817431031453171,0.881667576916075,0.8856709883818824,0.8872532040180118,0.8876288659793814,0.8879872993473277
