,log_re_data_train,log_re_test,knn_data_train,knn_data_test,xgb_data_train,xgb_data_test,rf_train,rf_test
Recall,0.8927152317880794,0.8962184161438019,0.8672185430463576,0.865694420891979,0.8533112582781457,0.8509411565202646,1.0,1.0
Auc,0.8419651458426991,0.8473966840927285,0.8546018556646505,0.8629650509502372,0.8653321836171105,0.8710721129271644,0.5,0.5
Accuracy,0.8554368321810182,0.8588937774984287,0.857950974230044,0.863607793840352,0.8621412109784203,0.8663314477267966,0.6327257490048188,0.6177456526293735
F1_score,0.8865504768168365,0.8869681966937988,0.8853955375253549,0.8869006254343295,0.8867859600825877,0.8871994342291373,0.7750545361221609,0.7637117140451986
